"Date","Exercise","Sets","Reps","Weight","isWarmup","Note"
"2019-04-29","Back Squat",1,6,45,true,""
"2019-04-29","Back Squat",1,6,45,true,""
"2019-04-29","Back Squat",1,6,75,"",""
"2019-04-29","Back Squat",1,6,75,"",""
"2019-04-29","Back Squat",1,6,75,"",""
"2019-04-29","Back Squat",1,6,75,"",""
"2019-04-29","Back Squat",1,6,75,"",""
"2019-04-29","Lateral Step Up",1,7,0,"",""
"2019-04-29","Lateral Step Up",1,7,0,"",""
"2019-04-29","Lateral Step Up",1,7,0,"",""
"2019-04-29","Lateral Step Up",1,7,0,"",""
"2019-04-29","Lateral Step Up",1,7,0,"",""
"2019-04-29","Single Leg Glute Bridge",1,10,0,"",""
"2019-04-29","Single Leg Glute Bridge",1,10,0,"",""
"2019-04-29","Single Leg Glute Bridge",1,10,0,"",""
"2019-04-29","Single Leg Glute Bridge",1,10,0,"",""
"2019-04-29","Dumbbell Lunge",1,5,10,"",""
"2019-04-29","Dumbbell Lunge",1,5,10,"",""
"2019-04-29","Dumbbell Lunge",1,5,10,"",""
"2019-04-29","Straight Leg Kickback",1,15,0,"",""
"2019-04-29","Straight Leg Kickback",1,15,0,"",""
"2019-04-29","Straight Leg Kickback",1,15,0,"",""
"2019-04-29","Straight Leg Kickback",1,15,0,"",""
"2019-04-29","Walking Lunge",1,9,0,"",""
"2019-04-29","Walking Lunge",1,9,0,"",""
"2019-04-29","Walking Lunge",1,9,0,"",""
"2019-04-29","Walking Lunge",1,9,0,"",""
"2019-04-29","Toe Touchers",1,12,0,"",""
"2019-04-29","Toe Touchers",1,12,0,"",""
"2019-04-29","Toe Touchers",1,12,0,"",""
"2019-04-29","Tuck Crunch",1,10,0,"",""
"2019-04-29","Tuck Crunch",1,10,0,"",""
"2019-04-29","Tuck Crunch",1,10,0,"",""
"2019-04-26","Dumbbell Bench Press",1,10,30,"",""
"2019-04-26","Dumbbell Bench Press",1,10,30,"",""
"2019-04-26","Dumbbell Bench Press",1,10,30,"",""
"2019-04-26","Skullcrusher",1,8,30,"",""
"2019-04-26","Skullcrusher",1,8,30,"",""
"2019-04-26","Skullcrusher",1,8,30,"",""
"2019-04-26","Skullcrusher",1,8,30,"",""
"2019-04-26","Push Up on Knees",1,6,0,"",""
"2019-04-26","Push Up on Knees",1,6,0,"",""
"2019-04-26","Push Up on Knees",1,6,0,"",""
"2019-04-26","Push Up on Knees",1,6,0,"",""
"2019-04-26","Push Up on Knees",1,6,0,"",""
"2019-04-26","Dumbbell Shoulder Press",1,12,15,"",""
"2019-04-26","Dumbbell Shoulder Press",1,12,15,"",""
"2019-04-26","Dumbbell Shoulder Press",1,12,15,"",""
"2019-04-26","Dumbbell Skullcrusher",1,10,10,"",""
"2019-04-26","Dumbbell Skullcrusher",1,10,10,"",""
"2019-04-26","Dumbbell Skullcrusher",1,10,10,"",""
"2019-04-26","Back Flies",1,10,10,"",""
"2019-04-26","Back Flies",1,10,10,"",""
"2019-04-26","Back Flies",1,10,10,"",""
"2019-04-26","Flutter Kicks",1,17,0,"",""
"2019-04-26","Flutter Kicks",1,17,0,"",""
"2019-04-26","Flutter Kicks",1,17,0,"",""
"2019-04-26","Flutter Kicks",1,17,0,"",""
"2019-04-26","Jackknife Sit-Up",1,7,0,"",""
"2019-04-26","Jackknife Sit-Up",1,7,0,"",""
"2019-04-26","Jackknife Sit-Up",1,7,0,"",""
"2019-04-26","Jackknife Sit-Up",1,7,0,"",""
"2019-04-24","Back Squat",1,8,65,"",""
"2019-04-24","Back Squat",1,8,65,"",""
"2019-04-24","Back Squat",1,8,65,"",""
"2019-04-24","Back Squat",1,8,65,"",""
"2019-04-24","Lunge Jump",1,6,0,"",""
"2019-04-24","Lunge Jump",1,6,0,"",""
"2019-04-24","Lunge Jump",1,6,0,"",""
"2019-04-24","Mountain Climbers",1,9,0,"",""
"2019-04-24","Mountain Climbers",1,9,0,"",""
"2019-04-24","Mountain Climbers",1,9,0,"",""
"2019-04-24","Step Up",1,10,0,"",""
"2019-04-24","Step Up",1,10,0,"",""
"2019-04-24","Step Up",1,10,0,"",""
"2019-04-24","Leg Pull-In",1,20,0,"",""
"2019-04-24","Leg Pull-In",1,20,0,"",""
"2019-04-24","Leg Pull-In",1,20,0,"",""
"2019-04-24","Frog Pump",1,20,0,"",""
"2019-04-24","Frog Pump",1,20,0,"",""
"2019-04-24","Frog Pump",1,20,0,"",""
"2019-04-24","Dumbbell Bulgarian Split Squat",1,8,7,"",""
"2019-04-24","Dumbbell Bulgarian Split Squat",1,8,7,"",""
"2019-04-24","Dumbbell Bulgarian Split Squat",1,8,7,"",""
"2019-04-24","Scissor Kick",1,20,0,"",""
"2019-04-24","Scissor Kick",1,20,0,"",""
"2019-04-24","Scissor Kick",1,20,0,"",""
"2019-04-22","Dumbbell Bicep Curl",1,10,15,"",""
"2019-04-22","Dumbbell Bicep Curl",1,10,15,"",""
"2019-04-22","Dumbbell Bicep Curl",1,10,15,"",""
"2019-04-22","Dumbbell Row",1,6,25,"",""
"2019-04-22","Dumbbell Row",1,6,25,"",""
"2019-04-22","Dumbbell Row",1,6,25,"",""
"2019-04-22","Dumbbell Row",1,6,25,"",""
"2019-04-22","Dumbbell Row",1,6,25,"",""
"2019-04-22","Hammer Curls",1,15,10,"",""
"2019-04-22","Hammer Curls",1,15,10,"",""
"2019-04-22","Hammer Curls",1,15,10,"",""
"2019-04-22","Bent Over Barbell Row",1,8,25,true,""
"2019-04-22","Bent Over Barbell Row",1,15,45,"",""
"2019-04-22","Bent Over Barbell Row",1,15,45,"",""
"2019-04-22","Bent Over Barbell Row",1,15,45,"",""
"2019-04-22","Barbell Shrug",1,14,25,"",""
"2019-04-22","Barbell Shrug",1,14,25,"",""
"2019-04-22","Barbell Shrug",1,14,25,"",""
"2019-04-22","Dumbbell Bent Over Row",1,15,12,"",""
"2019-04-22","Dumbbell Bent Over Row",1,15,12,"",""
"2019-04-22","Dumbbell Bent Over Row",1,15,12,"",""
"2019-04-16","Back Squat",1,10,30,true,""
"2019-04-16","Back Squat",1,10,65,"",""
"2019-04-16","Back Squat",1,10,65,"",""
"2019-04-16","Back Squat",1,10,65,"",""
"2019-04-16","Single-Leg Glute Bridge with External Rotation",1,8,0,"",""
"2019-04-16","Single-Leg Glute Bridge with External Rotation",1,8,0,"",""
"2019-04-16","Single-Leg Glute Bridge with External Rotation",1,8,0,"",""
"2019-04-16","Single-Leg Glute Bridge with External Rotation",1,8,0,"",""
"2019-04-16","Single-Leg Glute Bridge with External Rotation",1,8,0,"",""
"2019-04-16","Air Squats",1,10,0,"",""
"2019-04-16","Air Squats",1,10,0,"",""
"2019-04-16","Air Squats",1,10,0,"",""
"2019-04-16","Air Squats",1,10,0,"",""
"2019-04-16","Air Squats",1,10,0,"",""
"2019-04-16","Dumbbell Squat",1,8,25,"",""
"2019-04-16","Dumbbell Squat",1,8,25,"",""
"2019-04-16","Dumbbell Squat",1,8,25,"",""
"2019-04-16","Step Up",1,6,0,"",""
"2019-04-16","Step Up",1,6,0,"",""
"2019-04-16","Step Up",1,6,0,"",""
"2019-04-16","Elevated Hip Bridge",1,11,0,"",""
"2019-04-16","Elevated Hip Bridge",1,11,0,"",""
"2019-04-16","Elevated Hip Bridge",1,12,0,"",""
"2019-04-14","Dumbbell Bench Press",1,8,30,"",""
"2019-04-14","Dumbbell Bench Press",1,8,30,"",""
"2019-04-14","Dumbbell Bench Press",1,8,30,"",""
"2019-04-14","Dumbbell Bench Press",1,8,30,"",""
"2019-04-14","Skullcrusher",1,12,25,"",""
"2019-04-14","Skullcrusher",1,12,25,"",""
"2019-04-14","Skullcrusher",1,12,25,"",""
"2019-04-14","Back Flies",1,12,7,"",""
"2019-04-14","Back Flies",1,12,7,"",""
"2019-04-14","Back Flies",1,12,7,"",""
"2019-04-14","Incline Dumbbell Squeeze Press",1,12,12,"",""
"2019-04-14","Incline Dumbbell Squeeze Press",1,12,12,"",""
"2019-04-14","Incline Dumbbell Squeeze Press",1,12,12,"",""
"2019-04-14","Dumbbell Squat To Shoulder Press",1,10,17,"",""
"2019-04-14","Dumbbell Squat To Shoulder Press",1,10,17,"",""
"2019-04-14","Dumbbell Squat To Shoulder Press",1,10,17,"",""
"2019-04-14","Dumbbell Kickbacks",1,12,7,"",""
"2019-04-14","Dumbbell Kickbacks",1,12,7,"",""
"2019-04-14","Dumbbell Kickbacks",1,12,7,"",""
"2019-04-14","Crunches",1,18,0,"",""
"2019-04-14","Crunches",1,18,0,"",""
"2019-04-14","Crunches",1,18,0,"",""
"2019-04-14","Russian Twist",1,12,10,"",""
"2019-04-14","Russian Twist",1,12,10,"",""
"2019-04-14","Russian Twist",1,12,10,"",""
"2019-04-08","Back Squat",1,10,30,true,""
"2019-04-08","Back Squat",1,10,30,true,""
"2019-04-08","Back Squat",1,8,65,"",""
"2019-04-08","Back Squat",1,8,65,"",""
"2019-04-08","Back Squat",1,8,65,"",""
"2019-04-08","Back Squat",1,8,65,"",""
"2019-04-08","Step Up",1,7,0,"",""
"2019-04-08","Step Up",1,7,0,"",""
"2019-04-08","Step Up",1,7,0,"",""
"2019-04-08","Lunge",1,7,0,"",""
"2019-04-08","Lunge",1,7,0,"",""
"2019-04-08","Lunge",1,7,0,"",""
"2019-04-06","Dumbbell Bench Press",1,12,20,"",""
"2019-04-06","Dumbbell Bench Press",1,12,25,"",""
"2019-04-06","Dumbbell Bench Press",1,12,25,"",""
"2019-04-06","Skullcrusher",1,10,25,"",""
"2019-04-06","Skullcrusher",1,10,25,"",""
"2019-04-06","Skullcrusher",1,10,25,"",""
"2019-04-06","Dumbbell Squat To Shoulder Press",1,6,15,"",""
"2019-04-06","Dumbbell Squat To Shoulder Press",1,8,15,"",""
"2019-04-06","Dumbbell Squat To Shoulder Press",1,8,15,"",""
"2019-04-06","Dumbbell Squat To Shoulder Press",1,10,15,"",""
"2019-04-06","Dumbbell Squat To Shoulder Press",1,10,15,"",""
"2019-04-06","Dumbbell Shoulder Press",1,10,15,"",""
"2019-04-06","Dumbbell Shoulder Press",1,10,15,"",""
"2019-04-06","Dumbbell Shoulder Press",1,10,15,"",""
"2019-04-06","Barbell Bench Press",1,8,45,true,""
"2019-04-06","Barbell Bench Press",1,8,45,true,""
"2019-04-06","Barbell Bench Press",1,12,65,"",""
"2019-04-06","Barbell Bench Press",1,12,65,"",""
"2019-04-06","Barbell Bench Press",1,12,65,"",""
"2019-04-06","Front and Back Neck Exercise",1,12,0,"",""
"2019-04-06","Front and Back Neck Exercise",1,12,0,"",""
"2019-04-06","Front and Back Neck Exercise",1,12,0,"",""
"2019-04-06","Leg Raise",1,18,0,"",""
"2019-04-06","Leg Raise",1,18,0,"",""
"2019-04-06","Dumbbell Side Bend",1,12,10,"",""
"2019-04-06","Dumbbell Side Bend",1,12,10,"",""
"2019-04-03","Back Squat",1,10,30,true,""
"2019-04-03","Back Squat",1,10,30,true,""
"2019-04-03","Back Squat",1,10,65,"",""
"2019-04-03","Back Squat",1,10,65,"",""
"2019-04-03","Back Squat",1,10,65,"",""
"2019-04-03","Hip Thrust",1,25,0,"",""
"2019-04-03","Hip Thrust",1,25,0,"",""
"2019-04-03","Hip Thrust",1,25,0,"",""
"2019-04-03","Hip Thrust",1,25,0,"",""
"2019-04-03","Dumbbell Lunge",1,10,7,"",""
"2019-04-03","Dumbbell Lunge",1,10,7,"",""
"2019-04-03","Dumbbell Lunge",1,10,7,"",""
"2019-04-03","Dumbbell Bulgarian Split Squat",1,10,7,"",""
"2019-04-03","Dumbbell Bulgarian Split Squat",1,10,7,"",""
"2019-04-03","Dumbbell Bulgarian Split Squat",1,10,7,"",""
"2019-04-03","Single Leg Kickback",1,20,0,"",""
"2019-04-03","Single Leg Kickback",1,20,0,"",""
"2019-04-03","Single Leg Kickback",1,20,0,"",""
"2019-04-03","Leg Raise",1,18,0,"",""
"2019-04-03","Leg Raise",1,18,0,"",""
"2019-04-03","Leg Raise",1,18,0,"",""
"2019-04-03","Rack Pulls",1,10,45,"",""
"2019-04-03","Rack Pulls",1,10,45,"",""
"2019-04-03","Rack Pulls",1,10,45,"",""
"2019-04-01","Barbell Bench Press",1,10,30,true,""
"2019-04-01","Barbell Bench Press",1,10,30,true,""
"2019-04-01","Barbell Bench Press",1,5,75,"",""
"2019-04-01","Barbell Bench Press",1,5,75,"",""
"2019-04-01","Barbell Bench Press",1,6,75,"",""
"2019-04-01","Barbell Bench Press",1,6,75,"",""
"2019-04-01","Barbell Bench Press",1,6,75,"",""
"2019-04-01","Skullcrusher",1,8,25,"",""
"2019-04-01","Skullcrusher",1,8,25,"",""
"2019-04-01","Skullcrusher",1,8,25,"",""
"2019-04-01","Skullcrusher",1,8,25,"",""
"2019-04-01","Push Up",1,5,0,"",""
"2019-04-01","Push Up",1,4,0,"",""
"2019-04-01","Push Up",1,4,0,"",""
"2019-04-01","Push Up",1,4,0,"",""
"2019-04-01","Push Up",1,4,0,"",""
"2019-04-01","Dumbbell Squat To Shoulder Press",1,12,15,"",""
"2019-04-01","Dumbbell Squat To Shoulder Press",1,12,15,"",""
"2019-04-01","Dumbbell Squat To Shoulder Press",1,12,15,"",""
"2019-04-01","Dumbbell Front Raise",1,15,5,"",""
"2019-04-01","Dumbbell Front Raise",1,15,5,"",""
"2019-04-01","Dumbbell Front Raise",1,15,7,"",""
"2019-04-01","Dumbbell Skullcrusher",1,15,7,"",""
"2019-04-01","Dumbbell Skullcrusher",1,15,7,"",""
"2019-04-01","Dumbbell Skullcrusher",1,15,7,"",""
"2019-03-29","Back Squat",1,10,30,true,""
"2019-03-29","Back Squat",1,10,30,true,""
"2019-03-29","Back Squat",1,10,65,"",""
"2019-03-29","Back Squat",1,10,65,"",""
"2019-03-29","Back Squat",1,10,65,"",""
"2019-03-29","Step Up",1,8,0,"",""
"2019-03-29","Step Up",1,8,0,"",""
"2019-03-29","Step Up",1,9,0,"",""
"2019-03-29","Step Up",1,8,0,"",""
"2019-03-29","Side Lunge",1,6,0,"",""
"2019-03-29","Side Lunge",1,6,0,"",""
"2019-03-29","Side Lunge",1,6,0,"",""
"2019-03-29","Side Lunge",1,6,0,"",""
"2019-03-29","Dumbbell Lunge",1,5,10,"",""
"2019-03-29","Dumbbell Lunge",1,5,10,"",""
"2019-03-29","Dumbbell Lunge",1,5,10,"",""
"2019-03-29","Dumbbell Lunge",1,5,10,"",""
"2019-03-29","Dumbbell Romanian Deadlift",1,10,10,"",""
"2019-03-29","Dumbbell Romanian Deadlift",1,10,10,"",""
"2019-03-29","Dumbbell Romanian Deadlift",1,10,10,"",""
"2019-03-29","Dumbbell Romanian Deadlift",1,10,10,"",""
"2019-03-29","Single Leg Glute Bridge",1,9,0,"",""
"2019-03-29","Single Leg Glute Bridge",1,9,0,"",""
"2019-03-29","Single Leg Glute Bridge",1,9,0,"",""
"2019-03-29","Single Leg Glute Bridge",1,9,0,"",""
"2019-03-29","Single Leg Glute Bridge",1,9,0,"",""
"2019-03-29","Leg Raise",1,15,0,"",""
"2019-03-29","Leg Raise",1,15,0,"",""
"2019-03-29","Leg Raise",1,15,0,"",""
"2019-03-29","Leg Raise",1,15,0,"",""
"2019-03-25","Push Up",1,5,0,"",""
"2019-03-25","Push Up",1,5,0,"",""
"2019-03-25","Push Up",1,5,0,"",""
"2019-03-25","Push Up",1,5,0,"",""
"2019-03-25","Push Up",1,5,0,"",""
"2019-03-25","Skullcrusher",1,6,30,"",""
"2019-03-25","Skullcrusher",1,6,30,"",""
"2019-03-25","Skullcrusher",1,6,30,"",""
"2019-03-25","Skullcrusher",1,6,30,"",""
"2019-03-25","Skullcrusher",1,6,30,"",""
"2019-03-25","Back Flies",1,10,7,"",""
"2019-03-25","Back Flies",1,10,10,"",""
"2019-03-25","Back Flies",1,10,10,"",""
"2019-03-25","Incline Tricep Push Up",1,11,0,"",""
"2019-03-25","Incline Tricep Push Up",1,11,0,"",""
"2019-03-25","Incline Tricep Push Up",1,11,0,"",""
"2019-03-25","Incline Tricep Push Up",1,11,0,"",""
"2019-03-25","Dumbbell Squat To Shoulder Press",1,10,17,"",""
"2019-03-25","Dumbbell Squat To Shoulder Press",1,10,17,"",""
"2019-03-25","Dumbbell Squat To Shoulder Press",1,10,17,"",""
"2019-03-25","Dumbbell Shoulder Raise",1,10,7,"",""
"2019-03-25","Dumbbell Shoulder Raise",1,10,7,"",""
"2019-03-25","Dumbbell Shoulder Raise",1,10,7,"",""
"2019-03-25","Dead Bug",1,16,0,"",""
"2019-03-25","Dead Bug",1,16,0,"",""
"2019-03-25","Rack Pulls",1,8,45,"",""
"2019-03-25","Rack Pulls",1,8,45,"",""
"2019-03-18","Back Squat",1,12,25,true,""
"2019-03-18","Back Squat",1,10,65,"",""
"2019-03-18","Back Squat",1,10,65,"",""
"2019-03-18","Back Squat",1,10,65,"",""
"2019-03-18","Step Up",1,8,0,"",""
"2019-03-18","Step Up",1,8,0,"",""
"2019-03-18","Step Up",1,8,0,"",""
"2019-03-18","Dumbbell Lunge",1,8,10,"",""
"2019-03-18","Dumbbell Lunge",1,8,10,"",""
"2019-03-18","Single Leg Glute Bridge",1,9,0,"",""
"2019-03-18","Single Leg Glute Bridge",1,9,0,"",""
"2019-03-18","Single Leg Glute Bridge",1,9,0,"",""
"2019-03-18","Single Leg Glute Bridge",1,9,0,"",""
"2019-03-18","Single Leg Glute Bridge",1,9,0,"",""
"2019-03-18","Hip Thrust",1,25,0,"",""
"2019-03-18","Hip Thrust",1,25,0,"",""
"2019-03-18","Hip Thrust",1,25,0,"",""
"2019-03-18","Hip Thrust",1,25,0,"",""
"2019-03-15","Dumbbell Shoulder Press",1,12,20,"",""
"2019-03-15","Dumbbell Shoulder Press",1,12,20,"",""
"2019-03-15","Dumbbell Shoulder Press",1,10,20,"",""
"2019-03-15","Skullcrusher",1,8,25,"",""
"2019-03-15","Skullcrusher",1,10,25,"",""
"2019-03-15","Skullcrusher",1,12,25,"",""
"2019-03-15","Skullcrusher",1,14,25,"",""
"2019-03-15","Side Neck Exercise",1,12,0,"",""
"2019-03-15","Side Neck Exercise",1,12,0,"",""
"2019-03-15","Side Neck Exercise",1,12,0,"",""
"2019-03-15","Incline Svend Press",1,12,5,"",""
"2019-03-15","Incline Svend Press",1,12,10,"",""
"2019-03-15","Incline Svend Press",1,12,10,"",""
"2019-03-15","Dumbbell Squeeze Press",1,12,7,"",""
"2019-03-15","Dumbbell Squeeze Press",1,12,12,"",""
"2019-03-15","Dumbbell Squeeze Press",1,12,12,"",""
"2019-03-15","Dumbbell Squat To Shoulder Press",1,12,15,"",""
"2019-03-15","Dumbbell Squat To Shoulder Press",1,10,12,"",""
"2019-03-15","Dumbbell Squat To Shoulder Press",1,10,10,"",""
"2019-03-15","Bird Dog",1,12,0,"",""
"2019-03-15","Bird Dog",1,12,0,"",""
"2019-03-15","Bird Dog",1,12,0,"",""
"2019-03-15","Rack Pulls",1,8,45,"",""
"2019-03-15","Rack Pulls",1,8,45,"",""
"2019-03-15","Rack Pulls",1,10,45,"",""
"2019-03-12","Back Squat",1,10,30,true,""
"2019-03-12","Back Squat",1,10,30,true,""
"2019-03-12","Back Squat",1,5,65,"",""
"2019-03-12","Back Squat",1,5,65,"",""
"2019-03-12","Back Squat",1,6,65,"",""
"2019-03-12","Back Squat",1,7,65,"",""
"2019-03-12","Back Squat",1,8,65,"",""
"2019-03-12","Step Up",1,8,0,"",""
"2019-03-12","Step Up",1,12,0,"",""
"2019-03-12","Step Up",1,12,0,"",""
"2019-03-12","Side Lunge",1,7,0,"",""
"2019-03-12","Side Lunge",1,7,0,"",""
"2019-03-12","Side Lunge",1,7,0,"",""
"2019-03-12","Side Lunge",1,7,0,"",""
"2019-03-12","Single Leg Glute Bridge",1,10,0,"",""
"2019-03-12","Single Leg Glute Bridge",1,10,0,"",""
"2019-03-12","Single Leg Glute Bridge",1,10,0,"",""
"2019-03-12","Single Leg Glute Bridge",1,10,0,"",""
"2019-03-12","Dumbbell Bulgarian Split Squat",1,8,7,"",""
"2019-03-12","Dumbbell Bulgarian Split Squat",1,8,7,"",""
"2019-03-12","Dumbbell Bulgarian Split Squat",1,8,7,"",""
"2019-03-12","Dumbbell Bulgarian Split Squat",1,8,7,"",""
"2019-03-12","Single Leg Kickback",1,22,0,"",""
"2019-03-12","Single Leg Kickback",1,22,0,"",""
"2019-03-12","Single Leg Kickback",1,22,0,"",""
"2019-03-12","Single Leg Kickback",1,22,0,"",""
"2019-03-12","Plank",1,0,0,"",""
"2019-03-12","Plank",1,0,0,"",""
"2019-03-12","Oblique Crunch",1,12,0,"",""
"2019-03-12","Oblique Crunch",1,12,0,"",""
"2019-03-12","Oblique Crunch",1,12,0,"",""
"2019-03-11","Dumbbell Bench Press",1,6,25,"",""
"2019-03-11","Dumbbell Bench Press",1,6,25,"",""
"2019-03-11","Dumbbell Bench Press",1,6,30,"",""
"2019-03-11","Dumbbell Bench Press",1,6,30,"",""
"2019-03-11","Dumbbell Bench Press",1,6,30,"",""
"2019-03-11","Skullcrusher",1,5,30,"",""
"2019-03-11","Skullcrusher",1,5,30,"",""
"2019-03-11","Skullcrusher",1,5,30,"",""
"2019-03-11","Skullcrusher",1,5,30,"",""
"2019-03-11","Skullcrusher",1,5,30,"",""
"2019-03-11","Dumbbell Front Raise",1,12,7,"",""
"2019-03-11","Dumbbell Front Raise",1,12,7,"",""
"2019-03-11","Dumbbell Front Raise",1,12,7,"",""
"2019-03-11","Incline Push Up",1,10,0,"",""
"2019-03-11","Incline Push Up",1,10,0,"",""
"2019-03-09","Back Squat",1,8,25,true,""
"2019-03-09","Back Squat",1,8,25,true,""
"2019-03-09","Back Squat",1,12,45,"",""
"2019-03-09","Back Squat",1,12,45,"",""
"2019-03-09","Back Squat",1,12,45,"",""
"2019-03-09","Single Leg Glute Bridge",1,12,0,"",""
"2019-03-09","Single Leg Glute Bridge",1,12,0,"",""
"2019-03-09","Single Leg Glute Bridge",1,12,0,"",""
"2019-03-09","Dumbbell Bulgarian Split Squat",1,8,5,"",""
"2019-03-09","Dumbbell Bulgarian Split Squat",1,8,5,"",""
"2019-03-09","Dumbbell Bulgarian Split Squat",1,8,5,"",""
"2019-03-09","Hip Thrust",1,25,0,"",""
"2019-03-09","Hip Thrust",1,25,0,"",""
"2019-03-09","Hip Thrust",1,25,0,"",""
"2019-03-05","Barbell Bench Press",1,10,65,"",""
"2019-03-05","Barbell Bench Press",1,10,65,"",""
"2019-03-05","Barbell Bench Press",1,10,65,"",""
"2019-03-05","Barbell Bench Press",1,10,65,"",""
"2019-03-05","Dumbbell Shoulder Raise",1,8,5,"",""
"2019-03-05","Dumbbell Shoulder Raise",1,8,7,"",""
"2019-03-05","Dumbbell Shoulder Raise",1,8,7,"",""
"2019-03-05","Dumbbell Shoulder Raise",1,8,7,"",""
"2019-03-05","Skullcrusher",1,12,25,"",""
"2019-03-05","Skullcrusher",1,12,25,"",""
"2019-03-05","Skullcrusher",1,12,25,"",""
"2019-03-05","Svend Press",1,12,5,"",""
"2019-03-05","Svend Press",1,12,5,"",""
"2019-03-05","Svend Press",1,12,5,"",""
"2019-03-05","Rack Pulls",1,5,65,"",""
"2019-03-05","Rack Pulls",1,6,65,"",""
"2019-03-05","Rack Pulls",1,6,65,"",""
"2019-03-05","Leg Raise",1,17,0,"",""
"2019-03-05","Leg Raise",1,17,0,"",""
"2019-03-05","Leg Raise",1,17,0,"",""
"2019-03-05","Barbell Bench Press",1,10,65,"",""
"2019-03-05","Barbell Bench Press",1,10,65,"",""
"2019-03-05","Barbell Bench Press",1,10,65,"",""
"2019-03-05","Barbell Bench Press",1,10,65,"",""
"2019-03-05","Dumbbell Shoulder Raise",1,8,5,"",""
"2019-03-05","Dumbbell Shoulder Raise",1,8,7,"",""
"2019-03-05","Dumbbell Shoulder Raise",1,8,7,"",""
"2019-03-05","Dumbbell Shoulder Raise",1,8,7,"",""
"2019-03-05","Skullcrusher",1,12,25,"",""
"2019-03-05","Skullcrusher",1,12,25,"",""
"2019-03-05","Skullcrusher",1,12,25,"",""
"2019-03-05","Svend Press",1,12,5,"",""
"2019-03-05","Svend Press",1,12,5,"",""
"2019-03-05","Svend Press",1,12,5,"",""
"2019-03-05","Rack Pulls",1,5,65,"",""
"2019-03-05","Rack Pulls",1,6,65,"",""
"2019-03-05","Rack Pulls",1,6,65,"",""
"2019-03-05","Leg Raise",1,17,0,"",""
"2019-03-05","Leg Raise",1,17,0,"",""
"2019-03-05","Leg Raise",1,17,0,"",""
"2019-03-02","Back Squat",1,5,45,true,""
"2019-03-02","Back Squat",1,5,45,true,""
"2019-03-02","Back Squat",1,5,65,"",""
"2019-03-02","Back Squat",1,5,65,"",""
"2019-03-02","Back Squat",1,5,65,"",""
"2019-03-02","Back Squat",1,5,65,"",""
"2019-03-02","Back Squat",1,5,65,"",""
"2019-03-02","Step Up",1,8,0,"",""
"2019-03-02","Step Up",1,8,0,"",""
"2019-03-02","Step Up",1,8,0,"",""
"2019-03-02","Step Up",1,8,0,"",""
"2019-03-02","Lunge Jump",1,5,0,"",""
"2019-03-02","Lunge Jump",1,5,0,"",""
"2019-03-02","Lunge Jump",1,5,0,"",""
"2019-03-02","Lunge Jump",1,5,0,"",""
"2019-03-02","Lunge Jump",1,5,0,"",""
"2019-03-02","Dumbbell Bulgarian Split Squat",1,6,7,"",""
"2019-03-02","Dumbbell Bulgarian Split Squat",1,6,7,"",""
"2019-03-02","Dumbbell Bulgarian Split Squat",1,6,7,"",""
"2019-03-02","Elevated Hip Bridge",1,15,0,"",""
"2019-03-02","Elevated Hip Bridge",1,15,0,"",""
"2019-03-02","Elevated Hip Bridge",1,12,0,"",""
"2019-03-02","Elevated Hip Bridge",1,12,0,"",""
"2019-03-02","Elevated Hip Bridge",1,12,0,"",""
"2019-03-02","Scissor Kick",1,25,0,"",""
"2019-03-02","Opposite Leg Toe Touch",1,6,0,"",""
"2019-03-02","Bicycle Crunch",1,20,0,"",""
"2019-03-02","Leg Pull-In",1,14,0,"",""
"2019-02-28","Dumbbell Shoulder Press",1,6,15,"",""
"2019-02-28","Dumbbell Shoulder Press",1,8,20,"",""
"2019-02-28","Dumbbell Shoulder Press",1,5,25,"",""
"2019-02-28","Dumbbell Shoulder Press",1,5,25,"",""
"2019-02-28","Dumbbell Shoulder Press",1,6,25,"",""
"2019-02-28","Barbell Incline Bench Press",1,10,30,true,""
"2019-02-28","Barbell Incline Bench Press",1,10,30,true,""
"2019-02-28","Barbell Incline Bench Press",1,10,30,true,""
"2019-02-28","Barbell Incline Bench Press",1,6,55,"",""
"2019-02-28","Barbell Incline Bench Press",1,6,55,"",""
"2019-02-28","Barbell Incline Bench Press",1,6,55,"",""
"2019-02-28","Barbell Incline Bench Press",1,8,55,"",""
"2019-02-28","Barbell Incline Bench Press",1,8,55,"",""
"2019-02-28","Incline Dumbbell Squeeze Press",1,15,10,"",""
"2019-02-28","Incline Dumbbell Squeeze Press",1,15,12,"",""
"2019-02-28","Incline Dumbbell Squeeze Press",1,15,12,"",""
"2019-02-28","Skullcrusher",1,14,25,"",""
"2019-02-28","Skullcrusher",1,14,25,"",""
"2019-02-28","Skullcrusher",1,14,25,"",""
"2019-02-28","Back Flies",1,15,5,"",""
"2019-02-28","Back Flies",1,12,5,"",""
"2019-02-28","Back Flies",1,14,5,"",""
"2019-02-28","Dumbbell Skullcrusher",1,12,7,"",""
"2019-02-28","Dumbbell Skullcrusher",1,12,7,"",""
"2019-02-28","Dumbbell Skullcrusher",1,14,7,"",""
"2019-02-28","Leg Raise",1,17,0,"",""
"2019-02-28","Leg Raise",1,14,0,"",""
"2019-02-28","Leg Raise",1,14,0,"",""
"2019-02-28","Rack Pulls",1,5,65,"",""
"2019-02-28","Rack Pulls",1,5,65,"",""
"2019-02-28","Rack Pulls",1,5,65,"",""
"2019-02-26","Back Squat",1,10,30,true,""
"2019-02-26","Back Squat",1,10,55,"",""
"2019-02-26","Back Squat",1,12,55,"",""
"2019-02-26","Back Squat",1,12,55,"",""
"2019-02-26","Frog Pump",1,12,0,"",""
"2019-02-26","Frog Pump",1,14,0,"",""
"2019-02-26","Frog Pump",1,16,0,"",""
"2019-02-26","Frog Pump",1,20,0,"",""
"2019-02-26","Walking Lunge",1,7,0,"",""
"2019-02-26","Walking Lunge",1,7,0,"",""
"2019-02-26","Walking Lunge",1,7,0,"",""
"2019-02-26","Walking Lunge",1,8,0,"",""
"2019-02-26","Walking Lunge",1,8,0,"",""
"2019-02-26","Single Leg Kickback",1,20,0,"",""
"2019-02-26","Single Leg Kickback",1,18,0,"",""
"2019-02-26","Single Leg Kickback",1,18,0,"",""
"2019-02-26","Leg Raise",1,16,0,"",""
"2019-02-26","Leg Raise",1,16,0,"",""
"2019-02-26","Leg Raise",1,16,0,"",""
"2019-02-21","Push Up",1,5,0,"",""
"2019-02-21","Push Up",1,5,0,"",""
"2019-02-21","Push Up",1,5,0,"",""
"2019-02-21","Push Up",1,5,0,"",""
"2019-02-21","Skullcrusher",1,5,30,"",""
"2019-02-21","Skullcrusher",1,5,30,"",""
"2019-02-21","Skullcrusher",1,5,30,"",""
"2019-02-21","Skullcrusher",1,5,30,"",""
"2019-02-21","Skullcrusher",1,5,30,"",""
"2019-02-21","Single Arm Dumbbell Bench Press",1,20,15,"",""
"2019-02-21","Single Arm Dumbbell Bench Press",1,20,15,"",""
"2019-02-21","Dumbbell Front Raise",1,20,5,"",""
"2019-02-21","Dumbbell Front Raise",1,20,5,"",""
"2019-02-21","Dumbbell Squat To Shoulder Press",1,12,15,"",""
"2019-02-21","Dumbbell Squat To Shoulder Press",1,12,15,"",""
"2019-02-21","Dumbbell Kickbacks",1,14,7,"",""
"2019-02-21","Dumbbell Kickbacks",1,12,7,"",""
"2019-02-21","Leg Raise",1,13,0,"",""
"2019-02-21","Leg Raise",1,14,0,"",""
"2019-02-21","Leg Raise",1,16,0,"",""
"2019-02-21","Superman",1,20,0,"",""
"2019-02-21","Superman",1,20,0,"",""
"2019-02-21","Superman",1,20,0,"",""
"2019-02-18","Seated Dumbbell Curl",1,8,12,"",""
"2019-02-18","Seated Dumbbell Curl",1,8,12,"",""
"2019-02-18","Seated Dumbbell Curl",1,8,12,"",""
"2019-02-18","Seated Dumbbell Curl",1,12,12,"",""
"2019-02-18","Bent Over Barbell Row",1,6,45,"",""
"2019-02-18","Bent Over Barbell Row",1,6,45,"",""
"2019-02-18","Bent Over Barbell Row",1,6,45,"",""
"2019-02-18","Bent Over Barbell Row",1,6,55,"",""
"2019-02-18","Bent Over Barbell Row",1,6,55,"",""
"2019-02-18","Reverse Grip Barbell Bent Over Row",1,6,45,"",""
"2019-02-18","Reverse Grip Barbell Bent Over Row",1,6,45,"",""
"2019-02-18","Reverse Grip Barbell Bent Over Row",1,6,45,"",""
"2019-02-18","Incline Dumbbell Row",1,10,10,"",""
"2019-02-18","Incline Dumbbell Row",1,10,12,"",""
"2019-02-18","Incline Dumbbell Row",1,10,15,"",""
"2019-02-18","Dumbbell Shrug",1,10,12,"",""
"2019-02-18","Dumbbell Shrug",1,10,12,"",""
"2019-02-18","Dumbbell Shrug",1,10,12,"",""
"2019-02-18","Preacher Curl",1,15,20,"",""
"2019-02-18","Preacher Curl",1,15,20,"",""
"2019-02-18","Preacher Curl",1,15,20,"",""
"2019-02-18","Superman",1,20,0,"",""
"2019-02-18","Superman",1,20,0,"",""
"2019-02-18","Bicycle Crunch",1,25,0,"",""
"2019-02-16","Back Squat",1,10,45,"",""
"2019-02-16","Back Squat",1,12,45,"",""
"2019-02-16","Back Squat",1,14,45,"",""
"2019-02-16","Step Up",1,8,0,"",""
"2019-02-16","Step Up",1,8,0,"",""
"2019-02-16","Step Up",1,8,0,"",""
"2019-02-16","Step Up",1,8,0,"",""
"2019-02-16","Single Leg Glute Bridge",1,8,0,"",""
"2019-02-16","Single Leg Glute Bridge",1,8,0,"",""
"2019-02-16","Single Leg Glute Bridge",1,8,0,"",""
"2019-02-16","Single Leg Glute Bridge",1,8,0,"",""
"2019-02-16","Single Leg Glute Bridge",1,8,0,"",""
"2019-02-16","Dumbbell Squat",1,10,22,"",""
"2019-02-16","Dumbbell Squat",1,10,22,"",""
"2019-02-16","Dumbbell Squat",1,14,22,"",""
"2019-02-16","Barbell Lunge",1,8,20,"",""
"2019-02-16","Barbell Lunge",1,8,20,"",""
"2019-02-16","Barbell Lunge",1,6,20,"",""
"2019-02-16","Barbell Lunge",1,6,20,"",""
"2019-02-16","Side Leg Raises",1,14,0,"",""
"2019-02-16","Side Leg Raises",1,12,0,"",""
"2019-02-16","Side Leg Raises",1,12,0,"",""
"2019-02-16","Side Leg Raises",1,12,0,"",""
"2019-02-13","Dumbbell Bench Press",1,10,25,"",""
"2019-02-13","Dumbbell Bench Press",1,10,25,"",""
"2019-02-13","Dumbbell Bench Press",1,10,25,"",""
"2019-02-13","Dumbbell Bench Press",1,10,25,"",""
"2019-02-13","Iron Cross",1,10,5,"",""
"2019-02-13","Iron Cross",1,10,5,"",""
"2019-02-13","Iron Cross",1,10,5,"",""
"2019-02-13","Skullcrusher",1,12,20,"",""
"2019-02-13","Skullcrusher",1,12,20,"",""
"2019-02-13","Skullcrusher",1,12,20,"",""
"2019-02-13","Barbell Shoulder Press",1,12,30,"",""
"2019-02-13","Barbell Shoulder Press",1,12,30,"",""
"2019-02-13","Barbell Shoulder Press",1,12,30,"",""
"2019-02-13","Close-Grip Bench Press",1,12,45,"",""
"2019-02-13","Close-Grip Bench Press",1,12,55,"",""
"2019-02-13","Close-Grip Bench Press",1,12,55,"",""
"2019-02-13","Flutter Kicks",1,26,0,"",""
"2019-02-11","Front Squat",1,5,25,true,""
"2019-02-11","Front Squat",1,5,30,"",""
"2019-02-11","Front Squat",1,6,30,"",""
"2019-02-11","Front Squat",1,6,30,"",""
"2019-02-11","Front Squat",1,10,30,"",""
"2019-02-11","Front Squat",1,10,30,"",""
"2019-02-11","Hip Thrust",1,22,0,"",""
"2019-02-11","Hip Thrust",1,22,0,"",""
"2019-02-11","Hip Thrust",1,30,0,"",""
"2019-02-11","Hip Thrust",1,30,0,"",""
"2019-02-11","Hip Thrust",1,30,0,"",""
"2019-02-11","Hang Snatch",1,7,20,"",""
"2019-02-11","Hang Snatch",1,7,20,"",""
"2019-02-11","Hang Snatch",1,7,20,"",""
"2019-02-11","Dumbbell Lunge",1,12,7,"",""
"2019-02-11","Dumbbell Lunge",1,12,7,"",""
"2019-02-11","Dumbbell Lunge",1,4,7,"",""
"2019-02-11","Single Leg Romanian Deadlift",1,6,7,"",""
"2019-02-11","Single Leg Romanian Deadlift",1,6,7,"",""
"2019-02-11","Single Leg Romanian Deadlift",1,6,7,"",""
"2019-02-11","Single Leg Romanian Deadlift",1,6,7,"",""
"2019-02-11","Single Leg Romanian Deadlift",1,6,7,"",""
"2019-02-11","Tuck Crunch",1,15,0,"",""
"2019-02-11","Tuck Crunch",1,16,0,"",""
"2019-02-11","Superman",1,20,0,"",""
"2019-02-11","Superman",1,20,0,"",""
"2019-02-06","Push Press",1,10,35,"",""
"2019-02-06","Push Press",1,10,35,"",""
"2019-02-06","Push Press",1,12,35,"",""
"2019-02-06","Skullcrusher",1,8,25,"",""
"2019-02-06","Skullcrusher",1,8,25,"",""
"2019-02-06","Skullcrusher",1,10,25,"",""
"2019-02-06","Floor Press",1,12,55,"",""
"2019-02-06","Floor Press",1,12,55,"",""
"2019-02-06","Floor Press",1,12,55,"",""
"2019-02-06","Seated Barbell Shoulder Press",1,10,25,true,""
"2019-02-06","Seated Barbell Shoulder Press",1,10,45,"",""
"2019-02-06","Seated Barbell Shoulder Press",1,8,45,"",""
"2019-02-06","Seated Barbell Shoulder Press",1,8,45,"",""
"2019-02-06","Close-Grip Bench Press",1,6,65,"",""
"2019-02-06","Close-Grip Bench Press",1,5,65,"",""
"2019-02-06","Close-Grip Bench Press",1,10,45,"",""
"2019-02-06","Rack Pulls",1,8,45,"",""
"2019-02-06","Rack Pulls",1,8,45,"",""
"2019-02-06","Toe Touchers",1,12,0,"",""
"2019-02-06","Toe Touchers",1,16,0,"",""
"2019-02-03","Deadlift",1,8,25,true,""
"2019-02-03","Deadlift",1,7,45,"",""
"2019-02-03","Deadlift",1,8,45,"",""
"2019-02-03","Deadlift",1,8,45,"",""
"2019-02-03","Deadlift",1,8,45,"",""
"2019-02-03","Dumbbell Lunge",1,6,10,"",""
"2019-02-03","Dumbbell Lunge",1,6,10,"",""
"2019-02-03","Dumbbell Lunge",1,6,10,"",""
"2019-02-03","Burpee",1,10,0,"",""
"2019-02-03","Burpee",1,6,0,"",""
"2019-02-03","Burpee",1,6,0,"",""
"2019-02-03","Single Leg Glute Bridge",1,12,0,"",""
"2019-02-03","Single Leg Glute Bridge",1,12,0,"",""
"2019-02-03","Single Leg Glute Bridge",1,14,0,"",""
"2019-02-03","Dumbbell Snatch",1,6,7,"",""
"2019-02-03","Dumbbell Snatch",1,6,5,"",""
"2019-02-03","Dumbbell Snatch",1,6,5,"",""
"2019-02-03","Leg Raise",1,6,0,"",""
"2019-02-03","Leg Raise",1,16,0,"",""
"2019-02-03","Leg Raise",1,16,0,"",""
"2019-02-03","Plank",1,0,0,"",""
"2019-02-03","Plank",1,0,0,"",""
"2019-02-03","Plank",1,0,0,"",""
"2019-02-01","Biceps Curl To Shoulder Press",1,10,12,"",""
"2019-02-01","Biceps Curl To Shoulder Press",1,10,12,"",""
"2019-02-01","Dumbbell Bent Over Row",1,10,15,"",""
"2019-02-01","Dumbbell Bent Over Row",1,10,15,"",""
"2019-02-01","Dumbbell Row",1,12,20,"",""
"2019-02-01","Dumbbell Row",1,12,20,"",""
"2019-02-01","Barbell Curl",1,10,20,"",""
"2019-02-01","Barbell Curl",1,10,20,"",""
"2019-02-01","Barbell Curl",1,12,20,"",""
"2019-02-01","Single Arm Floor Press",1,10,25,"",""
"2019-02-01","Single Arm Floor Press",1,10,30,"",""
"2019-02-01","Inverted Row",1,5,0,"",""
"2019-02-01","Inverted Row",1,5,0,"",""
"2019-02-01","Hammer Curls",1,10,15,"",""
"2019-02-01","Hammer Curls",1,10,15,"",""
"2019-02-01","Dead Bug",1,16,0,"",""
"2019-02-01","Dead Bug",1,16,0,"",""
"2019-02-01","Dead Bug",1,16,0,"",""
"2019-02-01","Superman",1,22,0,"",""
"2019-02-01","Superman",1,22,0,"",""
"2019-02-01","Russian Twist",1,20,5,"",""
"2019-02-01","Russian Twist",1,20,5,"",""
"2019-01-31","Lunge",1,11,0,"",""
"2019-01-31","Lunge",1,11,0,"",""
"2019-01-31","Lunge",1,11,0,"",""
"2019-01-31","Single Leg Glute Bridge",1,12,0,"",""
"2019-01-31","Single Leg Glute Bridge",1,12,0,"",""
"2019-01-31","Single Leg Glute Bridge",1,12,0,"",""
"2019-01-31","Burpee",1,10,0,"",""
"2019-01-31","Burpee",1,10,0,"",""
"2019-01-31","Burpee",1,10,0,"",""
"2019-01-31","Romanian Deadlift",1,12,25,"",""
"2019-01-31","Romanian Deadlift",1,12,25,"",""
"2019-01-31","Romanian Deadlift",1,12,25,"",""
"2019-01-31","Air Squats",1,18,0,"",""
"2019-01-31","Air Squats",1,18,0,"",""
"2019-01-31","Air Squats",1,18,0,"",""
"2019-01-31","Straight Leg Kickback",1,18,0,"",""
"2019-01-31","Straight Leg Kickback",1,18,0,"",""
"2019-01-31","Straight Leg Kickback",1,20,0,"",""
"2019-01-31","Dumbbell Clean",1,12,7,"",""
"2019-01-31","Dumbbell Clean",1,12,7,"",""
"2019-01-31","Dumbbell Clean",1,12,7,"",""
"2019-01-31","Jackknife Sit-Up",1,12,0,"",""
"2019-01-31","Jackknife Sit-Up",1,12,0,"",""
"2019-01-31","Superman",1,25,0,"",""
"2019-01-31","Superman",1,25,0,"",""
"2019-01-27","Dumbbell Pullover",1,12,17,"",""
"2019-01-27","Dumbbell Pullover",1,12,17,"",""
"2019-01-27","Dumbbell Pullover",1,12,17,"",""
"2019-01-27","Tate Press",1,12,7,"",""
"2019-01-27","Tate Press",1,12,10,"",""
"2019-01-27","Tate Press",1,12,10,"",""
"2019-01-27","Side Laterals to Front Raise",1,10,10,"",""
"2019-01-27","Side Laterals to Front Raise",1,10,10,"",""
"2019-01-27","Side Laterals to Front Raise",1,10,10,"",""
"2019-01-27","Dumbbell Incline Fly",1,10,15,"",""
"2019-01-27","Dumbbell Incline Fly",1,10,17,"",""
"2019-01-27","Dumbbell Incline Fly",1,12,17,"",""
"2019-01-27","Dumbbell Floor Press",1,12,17,"",""
"2019-01-27","Dumbbell Floor Press",1,12,20,"",""
"2019-01-27","Dumbbell Floor Press",1,14,20,"",""
"2019-01-27","Seated Dumbbell Rear Delt Raise",1,12,5,"",""
"2019-01-27","Seated Dumbbell Rear Delt Raise",1,10,7,"",""
"2019-01-27","Seated Dumbbell Rear Delt Raise",1,12,5,"",""
"2019-01-27","Push Up on Knees",1,10,0,"",""
"2019-01-27","Push Up on Knees",1,10,0,"",""
"2019-01-27","Push Up on Knees",1,7,0,"",""
"2019-01-27","Flutter Kicks",1,30,0,"",""
"2019-01-27","Flutter Kicks",1,30,0,"",""
"2019-01-24","Side Lunge",1,9,0,"",""
"2019-01-24","Side Lunge",1,9,0,"",""
"2019-01-24","Side Lunge",1,9,0,"",""
"2019-01-24","Single Leg Glute Bridge",1,12,0,"",""
"2019-01-24","Single Leg Glute Bridge",1,12,0,"",""
"2019-01-24","Single Leg Glute Bridge",1,12,0,"",""
"2019-01-24","Power Clean",1,12,45,"",""
"2019-01-24","Power Clean",1,10,45,"",""
"2019-01-24","Power Clean",1,10,45,"",""
"2019-01-24","Bulgarian Split Squat",1,15,10,"",""
"2019-01-24","Bulgarian Split Squat",1,15,10,"",""
"2019-01-24","Pulse Lunges",1,18,0,"",""
"2019-01-24","Pulse Lunges",1,18,0,"",""
"2019-01-24","Pulse Lunges",1,18,0,"",""
"2019-01-24","Side Leg Raises",1,12,0,"",""
"2019-01-24","Side Leg Raises",1,12,0,"",""
"2019-01-24","Side Leg Raises",1,20,0,"",""
"2019-01-24","Jackknife Sit-Up",1,8,0,"",""
"2019-01-24","Jackknife Sit-Up",1,8,0,"",""
"2019-01-24","Jackknife Sit-Up",1,8,0,"",""
"2019-01-24","Reverse Crunch",1,16,0,"",""
"2019-01-24","Reverse Crunch",1,16,0,"",""
"2019-01-24","Superman",1,20,0,"",""
"2019-01-24","Superman",1,20,0,"",""
"2019-01-23","Incline Dumbbell Curl",1,12,10,"",""
"2019-01-23","Incline Dumbbell Curl",1,12,10,"",""
"2019-01-23","Incline Dumbbell Curl",1,12,10,"",""
"2019-01-23","Dumbbell Bent Over Row",1,12,10,"",""
"2019-01-23","Dumbbell Bent Over Row",1,12,12,"",""
"2019-01-23","Dumbbell Bent Over Row",1,12,15,"",""
"2019-01-23","Dumbbell Bicep Curl",1,15,10,"",""
"2019-01-23","Dumbbell Bicep Curl",1,15,10,"",""
"2019-01-23","Dumbbell Bicep Curl",1,15,10,"",""
"2019-01-23","Dumbbell Row",1,12,20,"",""
"2019-01-23","Dumbbell Row",1,12,20,"",""
"2019-01-23","Incline Hammer Curls",1,12,10,"",""
"2019-01-23","Incline Hammer Curls",1,12,10,"",""
"2019-01-23","Incline Hammer Curls",1,12,10,"",""
"2019-01-23","Palms-Up Dumbbell Wrist Curl",1,12,5,"",""
"2019-01-23","Palms-Up Dumbbell Wrist Curl",1,12,7,"",""
"2019-01-23","Palms-Up Dumbbell Wrist Curl",1,12,10,"",""
"2019-01-23","Inverted Row",1,4,0,"",""
"2019-01-23","Inverted Row",1,4,0,"",""
"2019-01-23","Inverted Row",1,4,0,"",""
"2019-01-23","Plank Jacks",1,24,0,"",""
"2019-01-23","Plank Jacks",1,24,0,"",""
"2019-01-23","Plank Jacks",1,24,0,"",""
"2019-01-23","Plank Surrender",1,8,0,"",""
"2019-01-23","Plank Surrender",1,8,0,"",""
"2019-01-23","Plank Surrender",1,8,0,"",""
"2019-01-23","Single Leg Romanian Deadlift",1,10,7,"",""
"2019-01-23","Single Leg Romanian Deadlift",1,10,7,"",""
"2019-01-23","Single Leg Romanian Deadlift",1,10,7,"",""
"2019-01-17","Decline Push Up",1,4,0,"",""
"2019-01-17","Decline Push Up",1,4,0,"",""
"2019-01-17","Decline Push Up",1,4,0,"",""
"2019-01-17","Arnold Dumbbell Press",1,12,15,"",""
"2019-01-17","Arnold Dumbbell Press",1,12,15,"",""
"2019-01-17","Close-Grip Bench Press",1,10,35,true,""
"2019-01-17","Close-Grip Bench Press",1,10,55,"",""
"2019-01-17","Close-Grip Bench Press",1,10,55,"",""
"2019-01-17","Close-Grip Bench Press",1,10,55,"",""
"2019-01-17","Dumbbell Incline Bench Press",1,8,25,"",""
"2019-01-17","Dumbbell Incline Bench Press",1,8,25,"",""
"2019-01-17","Dumbbell Incline Bench Press",1,7,25,"",""
"2019-01-17","Dumbbell Skullcrusher",1,12,7,"",""
"2019-01-17","Dumbbell Skullcrusher",1,12,7,"",""
"2019-01-17","Dumbbell Rear Delt Raise",1,12,5,"",""
"2019-01-17","Dumbbell Rear Delt Raise",1,12,7,"",""
"2019-01-17","Front Plate Raise",1,12,10,"",""
"2019-01-17","Front Plate Raise",1,12,15,"",""
"2019-01-17","Cross Body Mountain Climber",1,18,0,"",""
"2019-01-17","Cross Body Mountain Climber",1,18,0,"",""
"2019-01-16","Lunge",1,11,0,"",""
"2019-01-16","Lunge",1,11,0,"",""
"2019-01-16","Lunge",1,11,0,"",""
"2019-01-16","Dumbbell Romanian Deadlift",1,10,7,"",""
"2019-01-16","Dumbbell Romanian Deadlift",1,12,7,"",""
"2019-01-16","Dumbbell Romanian Deadlift",1,14,7,"",""
"2019-01-16","Single Leg Glute Bridge",1,12,0,"",""
"2019-01-16","Single Leg Glute Bridge",1,12,0,"",""
"2019-01-16","Single Leg Glute Bridge",1,12,0,"",""
"2019-01-16","Dumbbell Step Ups",1,12,7,"",""
"2019-01-16","Dumbbell Step Ups",1,15,7,"",""
"2019-01-16","Dumbbell Step Ups",1,15,7,"",""
"2019-01-16","Elevated Hip Bridge",1,23,0,"",""
"2019-01-16","Elevated Hip Bridge",1,20,0,"",""
"2019-01-16","Elevated Hip Bridge",1,24,0,"",""
"2019-01-16","Muscle Snatch",1,10,20,"",""
"2019-01-16","Muscle Snatch",1,12,20,"",""
"2019-01-16","Muscle Snatch",1,12,20,"",""
"2019-01-16","Sumo Dumbbell Squat",1,10,10,"",""
"2019-01-16","Sumo Dumbbell Squat",1,12,10,"",""
"2019-01-16","Sumo Dumbbell Squat",1,10,10,"",""
"2019-01-12","Jump Squat",1,12,0,"",""
"2019-01-12","Jump Squat",1,12,0,"",""
"2019-01-12","Jump Squat",1,12,0,"",""
"2019-01-12","Weighted Wall Sit",1,0,5,"",""
"2019-01-12","Weighted Wall Sit",1,0,0,"",""
"2019-01-12","Weighted Wall Sit",1,0,0,"",""
"2019-01-12","Romanian Deadlift",1,10,25,"",""
"2019-01-12","Romanian Deadlift",1,12,25,"",""
"2019-01-12","Romanian Deadlift",1,12,25,"",""
"2019-01-12","Romanian Deadlift",1,12,25,"",""
"2019-01-12","Single Leg Glute Bridge",1,17,0,"",""
"2019-01-12","Single Leg Glute Bridge",1,12,0,"",""
"2019-01-12","Dumbbell Clean",1,8,7,"",""
"2019-01-12","Dumbbell Clean",1,8,7,"",""
"2019-01-12","Mountain Climbers",1,14,0,"",""
"2019-01-12","Mountain Climbers",1,14,0,"",""
"2019-01-06","Concentration Curls",1,10,15,"",""
"2019-01-06","Concentration Curls",1,10,15,"",""
"2019-01-06","Concentration Curls",1,8,15,"",""
"2019-01-06","Dumbbell Row",1,15,17,"",""
"2019-01-06","Dumbbell Row",1,15,17,"",""
"2019-01-06","Dumbbell Row",1,12,17,"",""
"2019-01-06","Inverted Row",1,4,0,"",""
"2019-01-06","Inverted Row",1,4,0,"",""
"2019-01-06","Inverted Row",1,4,0,"",""
"2019-01-06","EZ-Bar Curl",1,15,20,"",""
"2019-01-06","EZ-Bar Curl",1,16,20,"",""
"2019-01-06","Bent Over Barbell Row",1,12,20,true,""
"2019-01-06","Bent Over Barbell Row",1,12,20,true,""
"2019-01-06","Bent Over Barbell Row",1,8,55,"",""
"2019-01-06","Bent Over Barbell Row",1,10,55,"",""
"2019-01-06","Bent Over Barbell Row",1,12,55,"",""
"2019-01-06","Reverse Barbell Curl",1,14,20,"",""
"2019-01-06","Reverse Barbell Curl",1,14,20,"",""
"2019-01-06","Reverse Barbell Curl",1,16,20,"",""
"2019-01-06","Barbell Shrug",1,12,20,"",""
"2019-01-06","Barbell Shrug",1,16,20,"",""
"2019-01-06","Barbell Shrug",1,18,20,"",""
"2019-01-06","Jackknife Sit-Up",1,8,0,"",""
"2019-01-06","Jackknife Sit-Up",1,8,0,"",""
"2019-01-06","Jackknife Sit-Up",1,8,0,"",""
"2019-01-06","Scissor Crossover Kick",1,8,0,"",""
"2019-01-06","Scissor Crossover Kick",1,8,0,"",""
"2019-01-06","Scissor Crossover Kick",1,8,0,"",""
"2019-01-06","Single Leg Romanian Deadlift",1,12,2,"",""
"2019-01-06","Single Leg Romanian Deadlift",1,12,2,"",""
"2019-01-06","Single Leg Romanian Deadlift",1,12,5,"",""
"2019-01-03","Barbell Bench Press",1,12,35,true,""
"2019-01-03","Barbell Bench Press",1,16,35,true,""
"2019-01-03","Barbell Bench Press",1,10,65,"",""
"2019-01-03","Barbell Bench Press",1,12,65,"",""
"2019-01-03","Barbell Bench Press",1,12,65,"",""
"2019-01-03","Dumbbell Kickbacks",1,8,7,"",""
"2019-01-03","Dumbbell Kickbacks",1,12,7,"",""
"2019-01-03","Dumbbell Kickbacks",1,12,7,"",""
"2019-01-03","Dumbbell Kickbacks",1,12,7,"",""
"2019-01-03","Back Flies",1,12,5,"",""
"2019-01-03","Back Flies",1,12,5,"",""
"2019-01-03","Back Flies",1,15,5,"",""
"2019-01-03","Back Flies",1,15,5,"",""
"2019-01-03","Back Flies",1,20,5,"",""
"2019-01-03","Dumbbell Shoulder Raise",1,12,5,"",""
"2019-01-03","Dumbbell Shoulder Raise",1,12,5,"",""
"2019-01-03","Dumbbell Shoulder Raise",1,12,5,"",""
"2019-01-03","Dumbbell Shoulder Raise",1,12,5,"",""
"2019-01-03","Incline Tricep Push Up",1,18,0,"",""
"2019-01-03","Incline Tricep Push Up",1,15,0,"",""
"2019-01-03","Incline Tricep Push Up",1,10,0,"",""
"2019-01-03","Crunches",1,22,0,"",""
"2019-01-03","Crunches",1,22,0,"",""
"2019-01-03","Crunches",1,22,0,"",""
"2019-01-03","Superman",1,20,0,"",""
"2019-01-03","Superman",1,20,0,"",""
"2019-01-03","Superman",1,20,0,"",""
"2019-01-02","Back Squat",1,8,25,true,""
"2019-01-02","Back Squat",1,8,25,true,""
"2019-01-02","Back Squat",1,12,45,"",""
"2019-01-02","Back Squat",1,14,45,"",""
"2019-01-02","Back Squat",1,14,45,"",""
"2019-01-02","Single Leg Glute Bridge",1,10,0,"",""
"2019-01-02","Single Leg Glute Bridge",1,12,0,"",""
"2019-01-02","Single Leg Glute Bridge",1,14,0,"",""
"2019-01-02","Lunge Jump",1,8,0,"",""
"2019-01-02","Lunge Jump",1,7,0,"",""
"2019-01-02","Lunge Jump",1,7,0,"",""
"2019-01-02","Single Leg Kickback",1,20,0,"",""
"2019-01-02","Single Leg Kickback",1,20,0,"",""
"2019-01-02","Single Leg Kickback",1,22,0,"",""
"2019-01-02","Single Leg Kickback",1,22,0,"",""
"2019-01-02","Standing Barbell Calf Raise",1,12,115,"",""
"2019-01-02","Standing Barbell Calf Raise",1,12,115,"",""
"2019-01-02","Standing Barbell Calf Raise",1,12,115,"",""
"2019-01-02","Russian Twist",1,20,10,"",""
"2019-01-02","Russian Twist",1,20,10,"",""
"2019-01-02","Russian Twist",1,20,10,"",""
"2019-01-02","Plank Jacks on Elbows",1,15,0,"",""
"2019-01-02","Plank Jacks on Elbows",1,15,0,"",""
"2019-01-02","Plank Jacks on Elbows",1,15,0,"",""
"2018-12-30","Barbell Bench Press",1,10,35,true,""
"2018-12-30","Barbell Bench Press",1,10,35,true,""
"2018-12-30","Barbell Bench Press",1,14,55,"",""
"2018-12-30","Barbell Bench Press",1,14,55,"",""
"2018-12-30","Barbell Bench Press",1,14,55,"",""
"2018-12-30","Dumbbell Squat To Shoulder Press",1,8,12,"",""
"2018-12-30","Dumbbell Squat To Shoulder Press",1,10,15,"",""
"2018-12-30","Dumbbell Squat To Shoulder Press",1,8,20,"",""
"2018-12-30","Dumbbell Squat To Shoulder Press",1,10,20,"",""
"2018-12-30","Dumbbell Skullcrusher",1,12,10,"",""
"2018-12-30","Dumbbell Skullcrusher",1,12,10,"",""
"2018-12-30","Dumbbell Skullcrusher",1,10,10,"",""
"2018-12-30","Barbell Incline Bench Press",1,10,25,true,""
"2018-12-30","Barbell Incline Bench Press",1,10,25,true,""
"2018-12-30","Barbell Incline Bench Press",1,12,45,"",""
"2018-12-30","Barbell Incline Bench Press",1,12,45,"",""
"2018-12-30","Barbell Incline Bench Press",1,10,45,"",""
"2018-12-30","Dumbbell Shoulder Press",1,12,12,"",""
"2018-12-30","Dumbbell Shoulder Press",1,12,12,"",""
"2018-12-30","Dumbbell Shoulder Press",1,12,12,"",""
"2018-12-30","Bicycle Crunch",1,25,0,"",""
"2018-12-30","Bicycle Crunch",1,25,0,"",""
"2018-12-30","Bicycle Crunch",1,25,0,"",""
"2018-12-30","Superman",1,20,0,"",""
"2018-12-30","Superman",1,20,0,"",""
"2018-12-30","Superman",1,20,0,"",""
"2018-12-25","Back Squat",1,10,35,true,""
"2018-12-25","Back Squat",1,10,35,true,""
"2018-12-25","Back Squat",1,6,55,"",""
"2018-12-25","Back Squat",1,6,55,"",""
"2018-12-25","Back Squat",1,6,55,"",""
"2018-12-25","Back Squat",1,6,55,"",""
"2018-12-25","Back Squat",1,6,55,"",""
"2018-12-25","Dumbbell Lunge",1,2,12,"",""
"2018-12-25","Dumbbell Lunge",1,4,12,"",""
"2018-12-25","Dumbbell Lunge",1,4,12,"",""
"2018-12-25","Dumbbell Lunge",1,4,12,"",""
"2018-12-25","Dumbbell Lunge",1,5,12,"",""
"2018-12-25","Straight Leg Kickback",1,8,0,"",""
"2018-12-25","Straight Leg Kickback",1,16,0,"",""
"2018-12-25","Straight Leg Kickback",1,16,0,"",""
"2018-12-25","Straight Leg Kickback",1,16,0,"",""
"2018-12-25","Lateral Bound",1,20,0,"",""
"2018-12-25","Lateral Bound",1,20,0,"",""
"2018-12-25","Lateral Bound",1,13,0,"",""
"2018-12-25","Lateral Bound",1,20,0,"",""
"2018-12-25","Hip Thrust",1,16,0,"",""
"2018-12-25","Hip Thrust",1,20,0,"",""
"2018-12-25","Hip Thrust",1,26,0,"",""
"2018-12-25","Hip Thrust",1,26,0,"",""
"2018-12-25","Russian Twist",1,20,5,"",""
"2018-12-25","Russian Twist",1,20,5,"",""
"2018-12-25","Russian Twist",1,20,5,"",""
"2018-12-25","Russian Twist",1,20,5,"",""
"2018-12-25","Stomach Vacuum",1,0,0,"",""
"2018-12-25","Stomach Vacuum",1,0,0,"",""
"2018-12-25","Stomach Vacuum",1,0,0,"",""
"2018-12-24","Push Up",1,4,0,"",""
"2018-12-24","Push Up",1,4,0,"",""
"2018-12-24","Push Up",1,4,0,"",""
"2018-12-24","Push Up",1,4,0,"",""
"2018-12-24","Incline Barbell Skull Crusher",1,5,20,"",""
"2018-12-24","Incline Barbell Skull Crusher",1,5,20,"",""
"2018-12-24","Incline Barbell Skull Crusher",1,5,20,"",""
"2018-12-24","Incline Barbell Skull Crusher",1,5,20,"",""
"2018-12-24","Incline Barbell Skull Crusher",1,5,20,"",""
"2018-12-24","Pike Push Up",1,5,0,"",""
"2018-12-24","Pike Push Up",1,5,0,"",""
"2018-12-24","Pike Push Up",1,5,0,"",""
"2018-12-24","Pike Push Up",1,5,0,"",""
"2018-12-24","Pike Push Up",1,5,0,"",""
"2018-12-24","Incline Push Up",1,6,0,"",""
"2018-12-24","Incline Push Up",1,6,0,"",""
"2018-12-24","Incline Push Up",1,6,0,"",""
"2018-12-24","Incline Push Up",1,6,0,"",""
"2018-12-24","Incline Push Up",1,6,0,"",""
"2018-12-24","Dumbbell Front Raise",1,8,7,"",""
"2018-12-24","Dumbbell Front Raise",1,8,7,"",""
"2018-12-24","Dumbbell Front Raise",1,8,7,"",""
"2018-12-24","Dumbbell Front Raise",1,8,7,"",""
"2018-12-24","Superman",1,18,0,"",""
"2018-12-24","Superman",1,18,0,"",""
"2018-12-24","Superman",1,18,0,"",""
"2018-12-24","Oblique Crunch",1,14,0,"",""
"2018-12-24","Oblique Crunch",1,14,0,"",""
"2018-12-24","Oblique Crunch",1,14,0,"",""
"2018-12-22","Back Squat",1,10,25,true,""
"2018-12-22","Back Squat",1,10,25,true,""
"2018-12-22","Back Squat",1,6,55,"",""
"2018-12-22","Back Squat",1,6,55,"",""
"2018-12-22","Back Squat",1,6,55,"",""
"2018-12-22","Back Squat",1,6,55,"",""
"2018-12-22","Barbell Glute Bridge",1,10,25,true,""
"2018-12-22","Barbell Glute Bridge",1,5,45,"",""
"2018-12-22","Barbell Glute Bridge",1,10,45,"",""
"2018-12-22","Barbell Glute Bridge",1,10,45,"",""
"2018-12-22","Barbell Glute Bridge",1,10,45,"",""
"2018-12-22","Barbell Glute Bridge",1,10,45,"",""
"2018-12-22","Front Squat",1,15,25,"",""
"2018-12-22","Front Squat",1,15,25,"",""
"2018-12-22","Front Squat",1,15,25,"",""
"2018-12-22","Single Leg Glute Bridge",1,10,0,"",""
"2018-12-22","Single Leg Glute Bridge",1,10,0,"",""
"2018-12-22","Single Leg Glute Bridge",1,10,0,"",""
"2018-12-22","Standing Barbell Calf Raise",1,20,95,"",""
"2018-12-22","Standing Barbell Calf Raise",1,20,95,"",""
"2018-12-22","Side Bridge",1,0,0,"",""
"2018-12-22","Side Bridge",1,0,0,"",""
"2018-12-22","Leg Pull-In",1,16,0,"",""
"2018-12-22","Leg Pull-In",1,16,0,"",""
"2018-12-22","Leg Pull-In",1,16,0,"",""
"2018-12-22","Russian Twist",1,16,10,"",""
"2018-12-22","Russian Twist",1,16,10,"",""
"2018-12-22","Russian Twist",1,16,10,"",""
"2018-12-16","Dumbbell Bench Press",1,8,15,true,""
"2018-12-16","Dumbbell Bench Press",1,8,15,true,""
"2018-12-16","Dumbbell Bench Press",1,5,22,"",""
"2018-12-16","Dumbbell Bench Press",1,5,22,"",""
"2018-12-16","Dumbbell Bench Press",1,5,22,"",""
"2018-12-16","Dumbbell Bench Press",1,5,22,"",""
"2018-12-16","Dumbbell Bench Press",1,8,22,"",""
"2018-12-16","Hammer Curls",1,8,12,"",""
"2018-12-16","Hammer Curls",1,8,12,"",""
"2018-12-16","Hammer Curls",1,8,12,"",""
"2018-12-16","Hammer Curls",1,8,12,"",""
"2018-12-16","Dumbbell Bent Over Row",1,15,10,"",""
"2018-12-16","Dumbbell Bent Over Row",1,15,10,"",""
"2018-12-16","Dumbbell Bent Over Row",1,15,10,"",""
"2018-12-16","Skullcrusher",1,15,15,"",""
"2018-12-16","Skullcrusher",1,15,15,"",""
"2018-12-16","Skullcrusher",1,15,15,"",""
"2018-12-16","Barbell Shoulder Press",1,15,30,"",""
"2018-12-16","Barbell Shoulder Press",1,15,30,"",""
"2018-12-16","Barbell Shoulder Press",1,15,30,"",""
"2018-12-16","Scissor Kick",1,25,0,"",""
"2018-12-16","Scissor Kick",1,25,0,"",""
"2018-12-16","Superman",1,25,0,"",""
"2018-12-16","Superman",1,25,0,"",""
"2018-12-13","Side Leg Raises",1,10,0,"",""
"2018-12-13","Side Leg Raises",1,10,0,"",""
"2018-12-13","Single Leg Kickback",1,8,0,"",""
"2018-12-13","Single Leg Kickback",1,8,0,"",""
"2018-12-13","Single Leg Kickback",1,10,0,"",""
"2018-12-13","Single Leg Kickback",1,10,0,"",""
"2018-12-13","Single Leg Kickback",1,12,0,"",""
"2018-12-13","Walking Lunge",1,7,0,"",""
"2018-12-13","Walking Lunge",1,7,0,"",""
"2018-12-13","Walking Lunge",1,7,0,"",""
"2018-12-13","Walking Lunge",1,7,0,"",""
"2018-12-13","Walking Lunge",1,7,0,"",""
"2018-12-13","Lunge",1,6,0,"",""
"2018-12-13","Lunge",1,6,0,"",""
"2018-12-13","Lunge",1,6,0,"",""
"2018-12-13","Lunge",1,6,0,"",""
"2018-12-13","Lunge",1,6,0,"",""
"2018-12-13","Hip Thrust",1,10,0,"",""
"2018-12-13","Hip Thrust",1,10,0,"",""
"2018-12-13","Hip Thrust",1,10,0,"",""
"2018-12-13","Hip Thrust",1,12,0,"",""
"2018-12-13","Hip Thrust",1,12,0,"",""
"2018-12-13","Elevated Hip Bridge",1,13,0,"",""
"2018-12-13","Elevated Hip Bridge",1,13,0,"",""
"2018-12-13","Elevated Hip Bridge",1,13,0,"",""
"2018-12-13","Elevated Hip Bridge",1,13,0,"",""
"2018-12-13","Elevated Hip Bridge",1,13,0,"",""
"2018-12-13","Standing Barbell Calf Raise",1,15,85,"",""
"2018-12-13","Standing Barbell Calf Raise",1,16,85,"",""
"2018-12-13","Standing Barbell Calf Raise",1,22,85,"",""
"2018-12-13","Superman",1,8,0,"",""
"2018-12-13","Superman",1,10,0,"",""
"2018-12-13","Superman",1,10,0,"",""
"2018-12-13","Plank",1,0,0,"",""
"2018-12-13","Plank",1,0,0,"",""
"2018-12-13","Leg Raise",1,5,0,"",""
"2018-12-13","Leg Raise",1,5,0,"",""
"2018-12-12","Barbell Bench Press",1,8,25,true,""
"2018-12-12","Barbell Bench Press",1,8,25,true,""
"2018-12-12","Barbell Bench Press",1,10,45,"",""
"2018-12-12","Barbell Bench Press",1,10,45,"",""
"2018-12-12","Barbell Bench Press",1,12,55,"",""
"2018-12-12","EZ-Bar Curl",1,8,30,"",""
"2018-12-12","EZ-Bar Curl",1,8,30,"",""
"2018-12-12","EZ-Bar Curl",1,8,30,"",""
"2018-12-12","EZ-Bar Curl",1,8,30,"",""
"2018-12-12","Dumbbell Rear Delt Raise",1,12,5,"",""
"2018-12-12","Dumbbell Rear Delt Raise",1,12,5,"",""
"2018-12-12","Dumbbell Rear Delt Raise",1,12,5,"",""
"2018-12-12","Dumbbell Row",1,12,20,"",""
"2018-12-12","Dumbbell Row",1,12,20,"",""
"2018-12-12","Dumbbell Row",1,12,20,"",""
"2018-12-12","Bench Dips",1,6,0,"",""
"2018-12-12","Bench Dips",1,6,0,"",""
"2018-12-12","Bench Dips",1,6,0,"",""
"2018-12-12","Flutter Kicks",1,20,0,"",""
"2018-12-12","Flutter Kicks",1,22,0,"",""
"2018-12-12","Flutter Kicks",1,24,0,"",""
"2018-12-12","Reverse Crunch",1,16,0,"",""
"2018-12-12","Reverse Crunch",1,16,0,"",""
"2018-12-12","Reverse Crunch",1,16,0,"",""
"2018-12-05","Back Squat",1,10,35,true,""
"2018-12-05","Back Squat",1,5,55,"",""
"2018-12-05","Back Squat",1,5,55,"",""
"2018-12-05","Back Squat",1,5,55,"",""
"2018-12-05","Back Squat",1,5,55,"",""
"2018-12-05","Back Squat",1,5,55,"",""
"2018-12-05","Dumbbell Squat",1,6,22,"",""
"2018-12-05","Dumbbell Squat",1,6,22,"",""
"2018-12-05","Dumbbell Squat",1,6,22,"",""
"2018-12-05","Dumbbell Squat",1,6,22,"",""
"2018-12-05","Dumbbell Squat",1,6,22,"",""
"2018-12-05","Clam",1,9,0,"",""
"2018-12-05","Clam",1,9,0,"",""
"2018-12-05","Clam",1,9,0,"",""
"2018-12-05","Clam",1,9,0,"",""
"2018-12-05","Clam",1,9,0,"",""
"2018-12-05","Sumo Deadlift",1,5,35,"",""
"2018-12-05","Sumo Deadlift",1,5,35,"",""
"2018-12-05","Sumo Deadlift",1,5,35,"",""
"2018-12-05","Sumo Deadlift",1,5,35,"",""
"2018-12-05","Sumo Deadlift",1,5,35,"",""
"2018-12-05","Decline Reverse Crunch",1,15,0,"",""
"2018-12-05","Dead Bug",1,14,0,"",""
"2018-12-05","Dead Bug",1,14,0,"",""
"2018-12-05","Dead Bug",1,14,0,"",""
"2018-12-05","Jackknife Sit-Up",1,6,0,"",""
"2018-12-05","Jackknife Sit-Up",1,6,0,"",""
"2018-12-05","Jackknife Sit-Up",1,6,0,"",""
"2018-12-05","Jackknife Sit-Up",1,6,0,"",""
"2018-12-05","Superman",1,12,0,"",""
"2018-12-05","Superman",1,12,0,"",""
"2018-12-05","Superman",1,12,0,"",""
"2018-12-04","Push Up",1,4,0,"",""
"2018-12-04","Push Up",1,4,0,"",""
"2018-12-04","Push Up",1,4,0,"",""
"2018-12-04","Push Up",1,4,0,"",""
"2018-12-04","Preacher Curl",1,8,20,"",""
"2018-12-04","Preacher Curl",1,8,20,"",""
"2018-12-04","Preacher Curl",1,8,20,"",""
"2018-12-04","Preacher Curl",1,8,20,"",""
"2018-12-04","Preacher Curl",1,10,20,"",""
"2018-12-04","Dumbbell Shoulder Raise",1,10,5,"",""
"2018-12-04","Dumbbell Shoulder Raise",1,10,5,"",""
"2018-12-04","Dumbbell Shoulder Raise",1,12,5,"",""
"2018-12-04","Palms-Down Dumbbell Wrist Curl",1,8,5,"",""
"2018-12-04","Palms-Down Dumbbell Wrist Curl",1,12,5,"",""
"2018-12-04","Palms-Down Dumbbell Wrist Curl",1,12,5,"",""
"2018-12-04","Dumbbell Floor Press",1,8,22,"",""
"2018-12-04","Dumbbell Floor Press",1,10,22,"",""
"2018-12-04","Dumbbell Floor Press",1,10,22,"",""
"2018-12-04","Dumbbell Floor Press",1,10,22,"",""
"2018-12-04","Dumbbell Row",1,8,22,"",""
"2018-12-04","Dumbbell Row",1,8,22,"",""
"2018-12-04","Dumbbell Row",1,8,22,"",""
"2018-12-04","Dumbbell Row",1,10,22,"",""
"2018-12-04","Scissor Crossover Kick",1,20,0,"",""
"2018-12-04","Scissor Crossover Kick",1,20,0,"",""
"2018-12-04","Scissor Crossover Kick",1,20,0,"",""
"2018-11-28","Dumbbell Bench Press",1,8,22,"",""
"2018-11-28","Dumbbell Bench Press",1,8,22,"",""
"2018-11-28","Dumbbell Bench Press",1,8,22,"",""
"2018-11-28","Dumbbell Bench Press",1,8,22,"",""
"2018-11-28","Seated Dumbbell Curl",1,5,17,"",""
"2018-11-28","Seated Dumbbell Curl",1,5,15,"",""
"2018-11-28","Seated Dumbbell Curl",1,6,15,"",""
"2018-11-28","Seated Dumbbell Curl",1,6,15,"",""
"2018-11-28","Seated Dumbbell Curl",1,7,15,"",""
"2018-11-28","Back Flies",1,20,5,"",""
"2018-11-28","Back Flies",1,20,5,"",""
"2018-11-28","Close-Grip Bench Press",1,18,35,"",""
"2018-11-28","Close-Grip Bench Press",1,18,35,"",""
"2018-11-28","Dumbbell Row",1,20,15,"",""
"2018-11-28","Dumbbell Row",1,20,15,"",""
"2018-11-28","Bicycle Crunch",1,22,0,"",""
"2018-11-28","Bicycle Crunch",1,22,0,"",""
"2018-11-28","Bicycle Crunch",1,22,0,"",""
"2018-11-28","Russian Twist",1,15,10,"",""
"2018-11-28","Russian Twist",1,15,10,"",""
"2018-11-28","Russian Twist",1,15,10,"",""
"2018-11-26","Back Squat",1,10,35,true,""
"2018-11-26","Back Squat",1,8,55,"",""
"2018-11-26","Back Squat",1,8,55,"",""
"2018-11-26","Back Squat",1,8,45,"",""
"2018-11-26","Back Squat",1,8,45,"",""
"2018-11-26","Dumbbell Lunge",1,6,10,"",""
"2018-11-26","Dumbbell Lunge",1,6,10,"",""
"2018-11-26","Dumbbell Lunge",1,6,10,"",""
"2018-11-26","Deadlift",1,8,25,true,""
"2018-11-26","Deadlift",1,8,40,"",""
"2018-11-26","Deadlift",1,8,40,"",""
"2018-11-26","Deadlift",1,8,40,"",""
"2018-11-26","Single Leg Glute Bridge",1,10,0,"",""
"2018-11-26","Single Leg Glute Bridge",1,10,0,"",""
"2018-11-26","Single Leg Glute Bridge",1,10,0,"",""
"2018-11-26","Single Leg Kickback",1,12,0,"",""
"2018-11-26","Single Leg Kickback",1,12,0,"",""
"2018-11-26","Single Leg Kickback",1,12,0,"",""
"2018-11-19","Dumbbell Shoulder Press",1,8,15,"",""
"2018-11-19","Dumbbell Shoulder Press",1,8,15,"",""
"2018-11-19","Dumbbell Shoulder Press",1,8,15,"",""
"2018-11-19","Dumbbell Shoulder Press",1,8,15,"",""
"2018-11-19","Dumbbell Fly",1,10,5,"",""
"2018-11-19","Dumbbell Fly",1,10,7,"",""
"2018-11-19","Dumbbell Fly",1,10,10,"",""
"2018-11-19","Dumbbell Bicep Curl",1,8,12,"",""
"2018-11-19","Dumbbell Bicep Curl",1,8,15,"",""
"2018-11-19","Dumbbell Bicep Curl",1,8,15,"",""
"2018-11-19","Dumbbell Bicep Curl",1,8,15,"",""
"2018-11-19","Dumbbell Row",1,8,17,"",""
"2018-11-19","Dumbbell Row",1,10,17,"",""
"2018-11-19","Dumbbell Row",1,10,17,"",""
"2018-11-19","Dumbbell Row",1,10,17,"",""
"2018-11-19","Dumbbell Skullcrusher",1,8,10,"",""
"2018-11-19","Dumbbell Skullcrusher",1,8,10,"",""
"2018-11-19","Dumbbell Skullcrusher",1,10,10,"",""
"2018-11-19","Dumbbell Skullcrusher",1,10,10,"",""
"2018-11-19","Leg Pull-In",1,14,0,"",""
"2018-11-19","Leg Pull-In",1,16,0,"",""
"2018-11-19","Leg Pull-In",1,16,0,"",""
"2018-11-19","Russian Twist",1,12,5,"",""
"2018-11-19","Russian Twist",1,10,5,"",""
"2018-11-19","Russian Twist",1,12,5,"",""
"2018-11-12","Barbell Bench Press",1,8,35,"",""
"2018-11-12","Barbell Bench Press",1,12,35,"",""
"2018-11-12","Barbell Bench Press",1,12,35,"",""
"2018-11-12","Barbell Bench Press",1,12,35,"",""
"2018-11-12","EZ-Bar Curl",1,10,20,"",""
"2018-11-12","EZ-Bar Curl",1,10,20,"",""
"2018-11-12","EZ-Bar Curl",1,14,20,"",""
"2018-11-12","Bent Over Barbell Row",1,10,20,true,""
"2018-11-12","Bent Over Barbell Row",1,12,20,true,""
"2018-11-12","Bent Over Barbell Row",1,12,45,"",""
"2018-11-12","Bent Over Barbell Row",1,12,45,"",""
"2018-11-12","Bent Over Barbell Row",1,12,45,"",""
"2018-11-12","Superman",1,12,0,"",""
"2018-11-12","Superman",1,12,0,"",""
"2018-11-12","Superman",1,12,0,"",""
"2018-11-12","Scissor Kick",1,18,0,"",""
"2018-11-12","Scissor Kick",1,18,0,"",""
"2018-11-12","Scissor Kick",1,20,0,"",""
"2018-10-02","Back Squat",1,8,25,true,""
"2018-10-02","Back Squat",1,12,45,"",""
"2018-10-02","Back Squat",1,12,45,"",""
"2018-10-02","Back Squat",1,12,45,"",""
"2018-10-02","Clam",1,15,0,"",""
"2018-10-02","Clam",1,15,0,"",""
"2018-10-02","Clam",1,15,0,"",""
"2018-10-02","Lateral Bound",1,12,0,"",""
"2018-10-02","Lateral Bound",1,12,0,"",""
"2018-10-02","Lateral Bound",1,12,0,"",""
"2018-10-02","Lateral Bound",1,12,0,"",""
"2018-10-02","Elevated Hip Bridge",1,12,0,"",""
"2018-10-02","Elevated Hip Bridge",1,12,0,"",""
"2018-10-02","Elevated Hip Bridge",1,12,0,"",""
"2018-10-02","Elevated Hip Bridge",1,12,0,"",""
"2018-10-02","Lunge",1,8,0,"",""
"2018-10-02","Lunge",1,8,0,"",""
"2018-10-02","Lunge",1,8,0,"",""
"2018-10-02","Lunge",1,8,0,"",""
"2018-10-02","Standing Barbell Calf Raise",1,12,75,"",""
"2018-10-02","Standing Barbell Calf Raise",1,12,75,"",""
"2018-10-02","Standing Barbell Calf Raise",1,12,75,"",""
"2018-10-02","Superman",1,10,0,"",""
"2018-10-02","Superman",1,10,0,"",""
"2018-10-02","Superman",1,10,0,"",""
"2018-09-26","Dumbbell Shoulder Press",1,10,15,"",""
"2018-09-26","Dumbbell Shoulder Press",1,10,15,"",""
"2018-09-26","Dumbbell Shoulder Press",1,10,15,"",""
"2018-09-26","Hammer Curls",1,8,15,"",""
"2018-09-26","Hammer Curls",1,8,15,"",""
"2018-09-26","Hammer Curls",1,8,15,"",""
"2018-09-26","Hammer Curls",1,8,15,"",""
"2018-09-26","Dumbbell Skullcrusher",1,12,7,"",""
"2018-09-26","Dumbbell Skullcrusher",1,12,10,"",""
"2018-09-26","Dumbbell Skullcrusher",1,12,7,"",""
"2018-09-26","Dead Bug",1,12,0,"",""
"2018-09-26","Dead Bug",1,12,0,"",""
"2018-09-26","Dead Bug",1,20,0,"",""
"2018-09-26","Single Arm Dumbbell Bench Press",1,12,17,"",""
"2018-09-26","Single Arm Dumbbell Bench Press",1,12,17,"",""
"2018-09-26","Single Arm Dumbbell Bench Press",1,12,17,"",""
"2018-09-26","Flutter Kicks",1,18,0,"",""
"2018-09-26","Flutter Kicks",1,18,0,"",""
"2018-09-26","Flutter Kicks",1,18,0,"",""
"2018-09-26","Dumbbell Row",1,12,12,"",""
"2018-09-26","Dumbbell Row",1,12,12,"",""
"2018-09-26","Dumbbell Row",1,18,12,"",""
"2018-09-26","Back Squat",1,8,45,true,""
"2018-09-26","Back Squat",1,5,55,"",""
"2018-09-26","Back Squat",1,5,55,"",""
"2018-09-26","Back Squat",1,5,55,"",""
"2018-09-26","Back Squat",1,5,55,"",""
"2018-09-26","Back Squat",1,5,55,"",""
"2018-09-26","Single Leg Kickback",1,6,0,"",""
"2018-09-26","Single Leg Kickback",1,6,0,"",""
"2018-09-26","Single Leg Kickback",1,8,0,"",""
"2018-09-26","Single Leg Kickback",1,10,0,"",""
"2018-09-26","Single Leg Kickback",1,10,0,"",""
"2018-09-26","Standing Barbell Calf Raise",1,15,55,"",""
"2018-09-26","Standing Barbell Calf Raise",1,20,65,"",""
"2018-09-26","Standing Barbell Calf Raise",1,20,65,"",""
"2018-09-26","Lunge",1,5,0,"",""
"2018-09-26","Lunge",1,8,0,"",""
"2018-09-26","Lunge",1,8,0,"",""
"2018-09-26","Lunge",1,8,0,"",""
"2018-09-26","Lunge",1,8,0,"",""
"2018-09-26","Deadlift",1,5,45,"",""
"2018-09-26","Deadlift",1,6,45,"",""
"2018-09-26","Deadlift",1,6,45,"",""
"2018-09-26","Deadlift",1,6,45,"",""
"2018-09-26","Deadlift",1,6,45,"",""
"2018-09-20","Dumbbell Bench Press",1,8,20,"",""
"2018-09-20","Dumbbell Bench Press",1,12,20,"",""
"2018-09-20","Dumbbell Bench Press",1,12,20,"",""
"2018-09-20","Dumbbell Bench Press",1,12,20,"",""
"2018-09-20","Dumbbell Bent Over Row",1,12,5,"",""
"2018-09-20","Dumbbell Bent Over Row",1,12,7,"",""
"2018-09-20","Dumbbell Bent Over Row",1,12,10,"",""
"2018-09-18","Back Squat",1,8,25,true,""
"2018-09-18","Back Squat",1,8,45,"",""
"2018-09-18","Back Squat",1,8,45,"",""
"2018-09-18","Back Squat",1,8,45,"",""
"2018-09-18","Back Squat",1,8,45,"",""
"2018-09-18","Barbell Glute Bridge",1,8,25,"",""
"2018-09-18","Barbell Glute Bridge",1,8,35,"",""
"2018-09-18","Barbell Glute Bridge",1,12,40,"",""
"2018-09-18","Barbell Glute Bridge",1,12,40,"",""
"2018-09-18","Barbell Glute Bridge",1,12,40,"",""
"2018-09-18","Tuck Jump",1,10,0,"",""
"2018-09-18","Tuck Jump",1,10,0,"",""
"2018-09-18","Tuck Jump",1,10,0,"",""
"2018-09-18","Dumbbell Squat",1,20,15,"",""
"2018-09-18","Dumbbell Squat",1,20,10,"",""
"2018-09-18","Single Leg Glute Bridge",1,10,0,"",""
"2018-09-18","Single Leg Glute Bridge",1,10,0,"",""
"2018-09-18","Single Leg Glute Bridge",1,10,0,"",""
"2018-09-18","Russian Twist",1,15,10,"",""
"2018-09-18","Russian Twist",1,10,10,"",""
"2018-09-18","Russian Twist",1,10,10,"",""
"2018-09-18","Superman",1,10,0,"",""
"2018-09-18","Superman",1,10,0,"",""
"2018-09-18","Superman",1,10,0,"",""
"2018-09-18","Standing Barbell Calf Raise",1,12,45,"",""
"2018-09-18","Standing Barbell Calf Raise",1,20,45,"",""
"2018-09-18","Standing Barbell Calf Raise",1,20,45,"",""
"2018-09-18","Standing Barbell Calf Raise",1,20,45,"",""
"2018-09-12","Back Squat",1,12,45,"",""
"2018-09-12","Back Squat",1,12,45,"",""
"2018-09-12","Hip Thrust",1,16,0,"",""
"2018-09-12","Hip Thrust",1,16,0,"",""
"2018-09-12","Hip Thrust",1,16,0,"",""
"2018-09-12","Tuck Jump",1,8,0,"",""
"2018-09-12","Tuck Jump",1,8,0,"",""
"2018-09-12","Tuck Jump",1,8,0,"",""
"2018-09-12","Tuck Jump",1,8,0,"",""
"2018-09-12","Dumbbell Lunge",1,6,10,"",""
"2018-09-12","Dumbbell Lunge",1,6,10,"",""
"2018-09-12","Dumbbell Lunge",1,6,10,"",""
"2018-09-12","Dumbbell Stiff Legged Deadlift",1,12,5,"",""
"2018-09-12","Dumbbell Stiff Legged Deadlift",1,12,7,"",""
"2018-09-12","Dumbbell Stiff Legged Deadlift",1,12,10,"",""
"2018-09-12","Crunches",1,20,0,"",""
"2018-09-12","Crunches",1,20,0,"",""
"2018-09-12","Crunches",1,20,0,"",""
"2018-09-12","Leg Pull-In",1,15,0,"",""
"2018-09-12","Leg Pull-In",1,15,0,"",""
"2018-09-12","Leg Pull-In",1,15,0,"",""
"2018-09-09","Barbell Bench Press",1,8,44,"",""
"2018-09-09","Barbell Bench Press",1,8,55,"",""
"2018-09-09","Barbell Bench Press",1,8,55,"",""
"2018-09-09","Barbell Bench Press",1,8,55,"",""
"2018-09-09","Barbell Bench Press",1,8,55,"",""
"2018-09-09","Dumbbell Row",1,10,12,"",""
"2018-09-09","Dumbbell Row",1,10,15,"",""
"2018-09-09","Dumbbell Row",1,10,17,"",""
"2018-09-09","Push Up",1,4,0,"",""
"2018-09-09","Push Up",1,4,0,"",""
"2018-09-09","Push Up",1,4,0,"",""
"2018-09-09","Push Up",1,4,0,"",""
"2018-09-09","Bent Over Barbell Row",1,10,55,"",""
"2018-09-09","Bent Over Barbell Row",1,10,55,"",""
"2018-09-09","Bent Over Barbell Row",1,10,55,"",""
"2018-09-09","Dumbbell Fly",1,10,7,"",""
"2018-09-09","Dumbbell Fly",1,10,7,"",""
"2018-09-09","Dumbbell Fly",1,10,7,"",""
"2018-09-09","Scissor Kick",1,18,0,"",""
"2018-09-09","Scissor Kick",1,18,0,"",""
"2018-09-09","Scissor Kick",1,18,0,"",""
"2018-09-09","Stiff-Legged Barbell Good Morning",1,12,20,"",""
"2018-09-09","Stiff-Legged Barbell Good Morning",1,12,20,"",""
"2018-09-09","Stiff-Legged Barbell Good Morning",1,12,20,"",""